architecture,dataset,ratio,method,n,seeds,mean_final_acc,std_final_acc,max_iso_error,mean_iso_error
resnet56,cifar100,0.7,CHIP,5,"[42, 123, 456, 789, 1024]",67.308,0.2149,0.0,0.0
resnet56,cifar100,0.7,GRA-CHIP-v3,5,"[42, 123, 456, 789, 1024]",67.904,0.3048,0.0,0.0
resnet56,cifar100,0.9,CHIP,5,"[42, 123, 456, 789, 1024]",56.842,0.1972,0.0,0.0
resnet56,cifar100,0.9,GRA-CHIP-v3,5,"[42, 123, 456, 789, 1024]",57.364,0.4834,0.0,0.0
vgg16,cifar100,0.7,CHIP,5,"[42, 123, 456, 789, 1024]",64.506,0.1861,0.0,0.0
vgg16,cifar100,0.7,GRA-CHIP-v3,5,"[42, 123, 456, 789, 1024]",64.26,0.4799,0.017025,0.017025
vgg16,cifar100,0.9,CHIP,5,"[42, 123, 456, 789, 1024]",42.52,0.1657,0.0,0.0
vgg16,cifar100,0.9,GRA-CHIP-v3,5,"[42, 123, 456, 789, 1024]",42.554,0.5698,0.013665,0.013665
