{
  "architecture": "resnet56",
  "dataset": "cifar100",
  "method": "GRA-CHIP-v3",
  "mode": "oneshot",
  "target_ratio": 0.7,
  "seed": 42,
  "epochs": 30,
  "baseline_acc": 72.56,
  "pruned_acc": 1.53,
  "final_acc": 67.87,
  "params_before": 861620,
  "params_after": 267224,
  "param_reduction_pct": 68.98586383788677,
  "compression_ratio": 3.224336137472682,
  "score_time_s": 13.547729015350342,
  "total_time_s": 371.4,
  "score_meta": {
    "version": "GRA-CHIP-v3",
    "method": "GRA-CHIP-v3",
    "anchor_weights": {
      "chip": 0.6,
      "taylor": 0.25,
      "fisher": 0.15
    },
    "tau_base": 0.58,
    "tau_candidate": 0.58,
    "tau_dyn": 0.5339958703203384,
    "gate_quality_percentile": 70.0,
    "gate_on_rate_candidate": 0.1111111111111111,
    "min_gate_on_rate": 0.4,
    "boundary_quantiles": [
      0.4,
      0.6
    ],
    "gate_on_rate": 0.4444444444444444,
    "semantic_applied_rate": 0.4444444444444444,
    "total_swaps": 13,
    "avg_swaps_per_layer": 0.48148148148148145,
    "quality_mean": 0.5271120763733325,
    "use_ca": true,
    "enable_boundary": true,
    "enable_quality_gate": true,
    "score_time_s": 13.547729015350342
  },
  "method_version": "GRA-CHIP-v3",
  "gate_on_rate": 0.4444444444444444,
  "semantic_applied_rate": 0.4444444444444444,
  "total_swaps": 13,
  "avg_swaps_per_layer": 0.48148148148148145,
  "tau_candidate": 0.58,
  "tau_dyn": 0.5339958703203384,
  "quality_mean": 0.5271120763733325,
  "anchor_weights": {
    "chip": 0.6,
    "taylor": 0.25,
    "fisher": 0.15
  },
  "boundary_quantiles": [
    0.4,
    0.6
  ],
  "iso_flops_target": null,
  "iso_flops_actual": null,
  "iso_flops_ratio": null,
  "timestamp": "2026-02-24T22:33:03.858588",
  "signal_diagnostic": {
    "mean_chip_gra_corr": -0.10421761192634058,
    "signal_complementary": true
  }
}